{"training_loss": 0.9338403747927758, "training_dice": 0.039263613522052765, "epoch": 0, "_timestamp": 1730270260.8335903, "_runtime": 42.81344032287598, "_step": 1, "val_loss": 0.9268974734515678, "val_dice": 0.056430988013744354, "best_val_loss": 0.9268974734515678, "best_val_dice": 0.056430988013744354, "_wandb": {"runtime": 44}}