{"training_loss": 0.2964944413730076, "training_dice": 0.7174904942512512, "epoch": 199, "_timestamp": 1730308352.9513752, "_runtime": 656.6621222496033, "_step": 399, "val_loss": 0.3094230790932973, "val_dice": 0.7028564214706421, "best_val_loss": 0.3081682672103246, "best_val_dice": 0.7042109966278076, "_wandb": {"runtime": 657}}