{"training_loss": 0.17890868151700626, "training_dice": 0.8231781721115112, "epoch": 199, "_timestamp": 1730280563.8223271, "_runtime": 923.9748191833496, "_step": 399, "val_loss": 0.9189989421425796, "val_dice": 0.00013067320105619729, "best_val_loss": 0.2589797475715963, "best_val_dice": 0.7482384443283081, "_wandb": {"runtime": 925}}